Autauga;1.581.893
Baldwin;5.625.966
Barbour;739.860
Bibb;355.874
Blount;829.566
Bullock;219.410
Butler;571.598
Calhoun;3.861.691
Chambers;822.829
Cherokee;489.001
Chilton;831.313
Choctaw;507.360
Clarke;767.215
Clay;344.573
Cleburne;301.107
Coffee;1.316.062
Colbert;2.398.084
Conecuh;469.117
Coosa;171.965
Covington;1.140.024
Crenshaw;391.300
Cullman;2.569.181
Dale;2.636.685
Dallas;1.154.622
DeKalb;1.749.727
Elmore;1.651.053
Escambia;1.186.467
Etowah;2.851.486
Fayette;345.019
Franklin;855.153
Geneva;525.195
Greene;239.982
Hale;302.538
Henry;367.441
Houston;4.685.076
Jackson;1.392.203
Jefferson;39.588.975
Lamar;304.907
Lauderdale;2.356.867
Lawrence;468.265
Lee;5.086.943
Limestone;3.136.604
Lowndes;412.401
Macon;473.901
Madison;20.798.731
Marengo;668.598
Marion;795.132
Marshall;2.938.723
Mobile;17.945.500
Monroe;643.043
Montgomery;12.365.592
Morgan;5.002.054
Perry;211.610
Pickens;407.668
Pike;1.284.263
Randolph;472.302
Russell;1.296.638
St. Clair;1.697.634
Shelby;9.550.774
Sumter;332.843
Talladega;2.947.393
Tallapoosa;1.238.043
Tuscaloosa;9.116.249
Walker;1.886.422
Washington;784.661
Wilcox;400.814
Winston;623.224
Aleutians East Borough;213.658
Aleutians West Census Area;396.558
Anchorage Municipality;21.029.302
Bethel Census Area;658.407
Bristol Bay Borough;116.522
Denali Borough;236.441
Dillingham Census Area;241.930
Fairbanks North Star Borough;5.289.322
Haines Borough;91.090
Hoonah-Angoon Census Area;84.663
Juneau City and Borough;2.263.204
Kenai Peninsula Borough;2.836.250
Ketchikan Gateway Borough;818.800
Kodiak Island Borough;693.108
Kusilvak Census Area;147.718
Lake and Peninsula Borough;76.814
Matanuska-Susitna Borough;2.282.237
Nome Census Area;381.831
North Slope Borough;10.976.662
Northwest Arctic Borough;589.454
Petersburg Borough;185.511
Prince of Wales-Hyder Census Area;236.482
Sitka City and Borough;430.259
Skagway Municipality;104.396
Southeast Fairbanks Census Area;594.253
Valdez-Cordova Census Area;1.885.200
Wrangell City and Borough;99.912
Yakutat City and Borough;27.328
Yukon-Koyukuk Census Area;257.293
Apache;2.515.397
Cochise;4.436.734
Coconino;6.624.985
Gila;1.745.804
Graham;855.317
Greenlee;1.465.424
La Paz;637.168
Maricopa;205.678.159
Mohave;4.908.489
Navajo;2.730.892
Pima;37.819.839
Pinal;6.980.799
Santa Cruz;1.614.751
Yavapai;6.021.726
Yuma;7.133.568
Arkansas;1.029.137
Ashley;799.583
Baxter;1.166.272
Benton;12.019.279
Boone;1.141.411
Bradley;301.277
Calhoun;326.341
Carroll;723.908
Chicot;278.437
Clark;689.607
Clay;301.608
Cleburne;963.345
Cleveland;138.428
Columbia;854.085
Conway;1.061.059
Craighead;3.957.914
Crawford;1.454.071
Crittenden;1.547.618
Cross;421.741
Dallas;199.783
Desha;621.006
Drew;607.686
Faulkner;3.547.749
Franklin;439.757
Fulton;155.966
Garland;2.904.121
Grant;368.608
Greene;1.266.336
Hempstead;844.676
Hot Spring;911.630
Howard;598.393
Independence;1.658.769
Izard;281.390
Jackson;635.460
Jefferson;3.004.077
Johnson;677.270
Lafayette;179.293
Lawrence;419.100
Lee;168.529
Lincoln;261.984
Little River;480.973
Logan;554.397
Lonoke;1.146.125
Madison;353.109
Marion;514.958
Miller;1.214.995
Mississippi;2.217.153
Monroe;173.315
Montgomery;122.863
Nevada;259.123
Newton;102.686
Ouachita;590.447
Perry;138.887
Phillips;483.526
Pike;239.029
Poinsett;528.509
Polk;484.175
Pope;2.631.836
Prairie;183.331
Pulaski;25.384.138
Randolph;390.716
St. Francis;679.332
Saline;2.012.640
Scott;262.250
Searcy;134.122
Sebastian;5.851.631
Sevier;508.861
Sharp;353.431
Stone;225.056
Union;2.812.621
Van Buren;825.606
Washington;9.523.754
White;2.298.314
Woodruff;211.473
Yell;555.389
Alameda;117.516.318
Alpine;108.329
Amador;1.600.730
Butte;8.781.189
Calaveras;1.393.323
Colusa;1.383.208
Contra Costa;69.581.054
Del Norte;791.370
El Dorado;7.020.316
Fresno;41.503.371
Glenn;1.159.479
Humboldt;5.413.636
Imperial;8.598.682
Inyo;1.224.800
Kern;47.776.348
Kings;5.927.002
Lake;1.957.857
Lassen;1.300.945
Los Angeles;674.110.134
Madera;6.169.099
Marin;20.908.852
Mariposa;659.803
Mendocino;3.498.354
Merced;9.264.060
Modoc;415.422
Mono;1.006.336
Monterey;26.037.608
Napa;9.757.363
Nevada;4.035.298
Orange;215.713.224
Placer;19.268.828
Plumas;1.013.560
Riverside;74.478.442
Sacramento;79.978.705
San Benito;2.097.846
San Bernardino;81.034.922
San Diego;204.667.390
San Francisco;147.660.656
San Joaquin;27.434.164
San Luis Obispo;15.632.220
San Mateo;101.287.429
Santa Barbara;25.972.309
Santa Clara;263.792.340
Santa Cruz;13.209.421
Shasta;7.446.374
Sierra;89.555
Siskiyou;1.781.013
Solano;21.471.282
Sonoma;26.506.846
Stanislaus;21.218.252
Sutter;3.362.332
Tehama;1.889.090
Trinity;396.616
Tulare;17.361.923
Tuolumne;2.454.125
Ventura;46.984.812
Yolo;13.228.129
Yuba;2.941.894
Adams;22.860.164
Alamosa;657.150
Arapahoe;41.327.208
Archuleta;466.950
Baca;112.431
Bent;164.700
Boulder;23.506.478
Broomfield;6.391.618
Chaffee;660.826
Cheyenne;166.726
Clear Creek;487.669
Conejos;204.630
Costilla;81.259
Crowley;151.962
Custer;113.123
Delta;757.823
Denver;64.967.855
Dolores;189.649
Douglas;14.639.427
Eagle;3.239.691
Elbert;408.390
El Paso;30.002.074
Fremont;1.278.162
Garfield;4.132.405
Gilpin;538.272
Grand;689.576
Gunnison;964.683
Hinsdale;36.035
Huerfano;250.792
Jackson;86.867
Jefferson;27.313.257
Kiowa;53.456
Kit Carson;402.953
Lake;253.022
La Plata;3.413.906
Larimer;15.783.607
Las Animas;725.101
Lincoln;354.713
Logan;1.259.351
Mesa;5.508.113
Mineral;55.079
Moffat;1.010.661
Montezuma;1.929.218
Montrose;1.303.461
Morgan;1.469.957
Otero;565.877
Ouray;206.622
Park;375.035
Phillips;202.774
Pitkin;1.884.684
Prowers;595.437
Pueblo;5.781.630
Rio Blanco;773.604
Rio Grande;423.213
Routt;1.594.565
Saguache;188.442
San Juan;51.384
San Miguel;583.288
Sedgwick;111.017
Summit;2.004.344
Teller;807.758
Washington;188.697
Weld;17.930.270
Yuma;786.263
Fairfield;79.314.469
Hartford;78.227.224
Litchfield;7.538.721
Middlesex;8.668.851
New Haven;46.341.650
New London;16.544.548
Tolland;4.780.577
Windham;4.609.388
Kent;6.712.345
New Castle;45.250.124
Sussex;10.941.803
District of Columbia;119.420.201
Alachua;11.853.344
Baker;535.575
Bay;7.457.630
Bradford;629.055
Brevard;21.364.647
Broward;90.818.287
Calhoun;250.872
Charlotte;4.344.608
Citrus;3.368.240
Clay;4.363.800
Collier;14.907.455
Columbia;1.972.534
DeSoto;916.256
Dixie;266.274
Duval;54.385.257
Escambia;13.712.490
Flagler;2.042.649
Franklin;335.945
Gadsden;1.162.741
Gilchrist;346.352
Glades;299.660
Gulf;394.959
Hamilton;393.390
Hardee;1.097.459
Hendry;1.299.074
Hernando;3.475.138
Highlands;2.400.380
Hillsborough;76.684.873
Holmes;309.829
Indian River;5.391.629
Jackson;1.230.642
Jefferson;281.630
Lafayette;171.689
Lake;7.695.815
Lee;25.754.798
Leon;13.346.310
Levy;876.792
Liberty;192.871
Madison;389.853
Manatee;11.817.380
Marion;8.617.249
Martin;6.532.871
Miami-Dade;137.963.943
Monroe;4.160.693
Nassau;2.068.223
Okaloosa;9.866.069
Okeechobee;1.184.349
Orange;81.206.660
Osceola;8.164.089
Palm Beach;68.251.948
Pasco;10.491.399
Pinellas;43.984.792
Polk;21.986.198
Putnam;1.953.934
St. Johns;6.684.232
St. Lucie;7.742.549
Santa Rosa;3.692.393
Sarasota;16.428.334
Seminole;17.978.641
Sumter;2.244.615
Suwannee;1.195.604
Taylor;717.906
Union;264.578
Volusia;15.555.453
Wakulla;618.302
Walton;2.384.452
Washington;473.575
Appling;1.439.224
Atkinson;212.822
Bacon;326.657
Baker;86.586
Baldwin;1.207.272
Banks;379.587
Barrow;1.676.319
Bartow;4.344.764
Ben Hill;480.986
Berrien;340.606
Bibb;7.644.887
Bleckley;230.298
Brantley;210.236
Brooks;318.986
Bryan;758.765
Bulloch;2.037.159
Burke;2.295.293
Butts;534.118
Calhoun;122.591
Camden;1.708.808
Candler;229.158
Carroll;3.964.320
Catoosa;1.249.727
Charlton;215.293
Chatham;15.922.063
Chattahoochee;1.542.315
Chattooga;555.770
Cherokee;5.792.288
Clarke;6.657.979
Clay;73.469
Clayton;16.174.681
Clinch;235.320
Cobb;43.977.008
Coffee;1.315.587
Colquitt;1.258.152
Columbia;3.037.883
Cook;327.898
Coweta;3.558.236
Crawford;163.307
Crisp;732.983
Dade;328.235
Dawson;664.508
Decatur;752.281
DeKalb;35.327.547
Dodge;441.677
Dooly;410.278
Dougherty;4.218.613
Douglas;3.606.564
Early;501.585
Echols;50.099
Effingham;1.585.412
Elbert;565.207
Emanuel;618.297
Evans;363.112
Fannin;574.225
Fayette;4.097.800
Floyd;3.971.725
Forsyth;8.275.159
Franklin;853.237
Fulton;141.764.735
Gilmer;762.664
Glascock;34.299
Glynn;3.476.255
Gordon;1.897.104
Grady;551.314
Greene;555.533
Gwinnett;41.652.023
Habersham;1.327.163
Hall;8.439.076
Hancock;151.649
Haralson;697.286
Harris;452.329
Hart;738.431
Heard;1.216.822
Henry;4.945.322
Houston;5.771.846
Irwin;163.684
Jackson;2.438.222
Jasper;223.331
Jeff Davis;331.303
Jefferson;511.036
Jenkins;169.480
Johnson;127.048
Jones;405.862
Lamar;371.891
Lanier;117.589
Laurens;1.572.937
Lee;596.993
Liberty;3.204.838
Lincoln;125.901
Long;121.576
Lowndes;4.323.488
Lumpkin;620.563
McDuffie;592.173
McIntosh;166.924
Macon;455.665
Madison;437.994
Marion;99.509
Meriwether;512.243
Miller;183.724
Mitchell;770.663
Monroe;1.621.954
Montgomery;152.020
Morgan;637.375
Murray;1.233.272
Muscogee;9.278.245
Newton;2.309.449
Oconee;1.090.797
Oglethorpe;291.629
Paulding;2.108.484
Peach;800.764
Pickens;870.614
Pierce;377.637
Pike;268.356
Polk;1.085.091
Pulaski;268.821
Putnam;444.639
Quitman;41.281
Rabun;435.379
Randolph;173.351
Richmond;11.224.786
Rockdale;3.312.681
Schley;95.482
Screven;287.818
Seminole;256.262
Spalding;1.843.342
Stephens;869.369
Stewart;102.819
Sumter;1.012.242
Talbot;130.420
Taliaferro;34.051
Tattnall;648.171
Taylor;192.885
Telfair;330.024
Terrell;242.658
Thomas;1.929.716
Tift;1.676.795
Toombs;914.243
Towns;293.482
Treutlen;107.836
Troup;3.183.428
Turner;201.961
Twiggs;220.976
Union;623.902
Upson;622.834
Walker;1.303.035
Walton;2.072.717
Ware;1.317.338
Warren;157.438
Washington;571.069
Wayne;713.985
Webster;49.799
Wheeler;117.227
White;660.454
Whitfield;5.250.409
Wilcox;149.215
Wilkes;341.097
Wilkinson;449.558
Worth;334.231
Hawaii;7.365.410
Honolulu;59.331.111
Kauai;3.504.351
Maui + Kalawao;8.893.249
Ada;22.543.391
Adams;115.991
Bannock;2.623.462
Bear Lake;168.667
Benewah;291.546
Bingham;1.164.800
Blaine;1.266.953
Boise;139.622
Bonner;1.265.981
Bonneville;4.444.638
Boundary;309.404
Butte;972.067
Camas;64.760
Canyon;4.868.261
Caribou;509.764
Cassia;1.588.151
Clark;52.130
Clearwater;338.493
Custer;186.356
Elmore;1.192.003
Franklin;334.457
Fremont (includes Yellowstone National Park);311.515
Gem;306.104
Gooding;1.176.354
Idaho;398.029
Jefferson;631.790
Jerome;1.229.041
Kootenai;5.127.315
Latah;1.180.503
Lemhi;222.378
Lewis;134.555
Lincoln;269.997
Madison;1.041.570
Minidoka;728.361
Nez Perce;1.920.067
Oneida;128.172
Owyhee;450.002
Payette;743.524
Power;322.179
Shoshone;554.696
Teton;267.471
Twin Falls;3.262.656
Valley;407.561
Washington;396.402
Adams;3.398.291
Alexander;171.683
Bond;517.244
Boone;1.567.979
Brown;405.764
Bureau;1.235.834
Calhoun;86.606
Carroll;661.824
Cass;587.543
Champaign;10.213.977
Christian;1.510.190
Clark;540.661
Clay;539.414
Clinton;1.039.878
Coles;2.213.488
Cook;353.293.447
Crawford;1.844.618
Cumberland;744.564
DeKalb;3.752.020
De Witt;1.193.119
Douglas;1.091.099
DuPage;79.755.132
Edgar;725.136
Edwards;259.657
Effingham;1.831.600
Fayette;512.166
Ford;655.023
Franklin;1.028.961
Fulton;908.476
Gallatin;232.590
Greene;331.392
Grundy;3.349.216
Hamilton;291.398
Hancock;565.807
Hardin;86.030
Henderson;189.205
Henry;1.427.617
Iroquois;1.300.163
Jackson;2.364.709
Jasper;525.282
Jefferson;1.740.916
Jersey;492.085
Jo Daviess;789.122
Johnson;217.127
Kane;22.366.835
Kankakee;4.941.688
Kendall;2.858.148
Knox;1.812.257
Lake;52.800.786
LaSalle;5.381.397
Lawrence;544.111
Lee;1.407.838
Livingston;1.822.653
Logan;1.028.400
McDonough;1.182.844
McHenry;10.320.051
McLean;13.291.312
Macon;6.939.925
Macoupin;1.172.784
Madison;10.554.729
Marion;1.220.417
Marshall;423.109
Mason;523.148
Massac;618.776
Menard;235.282
Mercer;425.173
Monroe;874.958
Montgomery;1.147.826
Morgan;1.420.796
Moultrie;613.053
Ogle;2.667.627
Peoria;11.100.268
Perry;570.743
Piatt;523.537
Pike;548.346
Pope;63.232
Pulaski;250.258
Putnam;334.529
Randolph;1.523.888
Richland;575.777
Rock Island;9.339.109
St. Clair;10.625.117
Saline;856.904
Sangamon;10.082.049
Schuyler;276.048
Scott;164.989
Shelby;717.532
Stark;214.617
Stephenson;1.871.381
Tazewell;7.366.346
Union;487.698
Vermilion;3.157.389
Wabash;357.454
Warren;778.702
Washington;799.498
Wayne;414.860
White;562.438
Whiteside;2.005.615
Will;29.400.335
Williamson;2.636.488
Winnebago;12.644.285
Woodford;1.129.376
Adams;1.506.160
Allen;18.393.815
Bartholomew;5.636.580
Benton;449.112
Blackford;292.211
Boone;2.697.300
Brown;237.405
Carroll;563.617
Cass;1.264.270
Clark;4.581.451
Clay;687.894
Clinton;1.367.081
Crawford;173.326
Daviess;1.132.166
Dearborn;1.573.703
Decatur;1.267.125
DeKalb;2.344.487
Delaware;3.609.909
Dubois;2.514.477
Elkhart;13.239.009
Fayette;538.788
Floyd;2.609.183
Fountain;472.866
Franklin;507.234
Fulton;596.924
Gibson;3.006.762
Grant;2.893.355
Greene;594.786
Hamilton;15.712.178
Hancock;2.093.161
Harrison;915.373
Hendricks;5.194.928
Henry;1.077.841
Howard;3.908.923
Huntington;1.329.645
Jackson;2.048.523
Jasper;1.392.103
Jay;882.058
Jefferson;1.316.493
Jennings;631.736
Johnson;4.584.974
Knox;1.797.950
Kosciusko;4.446.374
Lagrange;1.564.108
Lake;24.068.789
LaPorte;3.830.372
Lawrence;1.257.016
Madison;3.355.077
Marion;79.582.589
Marshall;1.515.924
Martin;888.920
Miami;887.256
Monroe;5.745.710
Montgomery;1.588.062
Morgan;1.382.789
Newton;330.582
Noble;1.740.277
Ohio;106.266
Orange;567.159
Owen;436.104
Parke;299.367
Perry;799.048
Pike;740.807
Porter;6.487.294
Posey;1.524.344
Pulaski;573.495
Putnam;989.886
Randolph;705.725
Ripley;1.030.610
Rush;519.313
St. Joseph;12.123.896
Scott;597.113
Shelby;1.769.353
Spencer;1.176.187
Starke;428.590
Steuben;1.198.206
Sullivan;976.113
Switzerland;202.639
Tippecanoe;8.210.141
Tipton;473.843
Union;125.405
Vanderburgh;9.640.996
Vermillion;803.473
Vigo;4.396.614
Wabash;1.123.765
Warren;251.337
Warrick;2.080.780
Washington;574.771
Wayne;2.479.676
Wells;1.076.529
White;947.972
Whitley;1.290.234
Adair;324.551
Adams;252.465
Allamakee;658.968
Appanoose;377.501
Audubon;250.720
Benton;738.200
Black Hawk;6.859.440
Boone;910.353
Bremer;1.034.664
Buchanan;722.906
Buena Vista;1.237.936
Butler;399.376
Calhoun;466.581
Carroll;1.385.883
Cass;607.236
Cedar;582.853
Cerro Gordo;2.463.240
Cherokee;725.661
Chickasaw;732.795
Clarke;380.540
Clay;901.690
Clayton;827.022
Clinton;2.140.696
Crawford;755.488
Dallas;4.370.149
Davis;216.684
Decatur;194.634
Delaware;956.011
Des Moines;2.175.834
Dickinson;867.396
Dubuque;5.414.101
Emmet;347.597
Fayette;740.718
Floyd;816.619
Franklin;612.698
Fremont;295.042
Greene;426.273
Grundy;479.304
Guthrie;474.447
Hamilton;843.161
Hancock;713.852
Hardin;890.174
Harrison;388.759
Henry;841.386
Howard;483.186
Humboldt;479.789
Ida;392.350
Iowa;874.152
Jackson;662.029
Jasper;1.039.324
Jefferson;626.627
Johnson;7.944.342
Jones;605.355
Keokuk;400.425
Kossuth;996.136
Lee;1.750.660
Linn;15.393.187
Louisa;598.650
Lucas;290.175
Lyon;1.007.971
Madison;366.747
Mahaska;798.226
Marion;1.510.398
Marshall;1.662.627
Mills;439.873
Mitchell;640.639
Monona;340.350
Monroe;351.330
Montgomery;395.398
Muscatine;2.491.245
O'Brien;987.417
Osceola;411.424
Page;559.057
Palo Alto;591.561
Plymouth;1.398.381
Pocahontas;736.325
Polk;37.742.546
Pottawattamie;3.983.149
Poweshiek;1.012.561
Ringgold;174.009
Sac;580.404
Scott;8.170.168
Shelby;677.141
Sioux;2.491.152
Story;4.682.256
Tama;599.376
Taylor;200.659
Union;518.135
Van Buren;204.760
Wapello;1.540.009
Warren;1.008.622
Washington;1.029.559
Wayne;201.400
Webster;2.119.053
Winnebago;390.825
Winneshiek;1.026.113
Woodbury;4.985.726
Worth;340.798
Wright;772.985
Allen;465.554
Anderson;286.078
Atchison;576.492
Barber;234.765
Barton;1.260.410
Bourbon;579.275
Brown;429.143
Butler;2.218.390
Chase;115.719
Chautauqua;75.182
Cherokee;601.299
Cheyenne;125.038
Clark;153.042
Clay;248.704
Cloud;349.492
Coffey;832.054
Comanche;70.203
Cowley;1.276.136
Crawford;1.374.276
Decatur;199.808
Dickinson;578.589
Doniphan;234.792
Douglas;4.306.864
Edwards;272.087
Elk;87.647
Ellis;1.496.851
Ellsworth;237.239
Finney;2.204.081
Ford;1.849.819
Franklin;820.301
Geary;2.618.150
Gove;235.682
Graham;124.906
Grant;752.540
Gray;974.935
Greeley;127.374
Greenwood;161.597
Hamilton;287.080
Harper;326.415
Harvey;1.106.508
Haskell;583.812
Hodgeman;179.628
Jackson;310.746
Jefferson;362.441
Jewell;126.814
Johnson;41.102.504
Kearny;282.941
Kingman;317.374
Kiowa;131.762
Labette;788.036
Lane;215.379
Leavenworth;2.531.222
Lincoln;116.584
Linn;557.019
Logan;160.111
Lyon;1.149.326
McPherson;1.887.724
Marion;352.337
Marshall;450.534
Meade;303.008
Miami;785.894
Mitchell;367.891
Montgomery;1.460.173
Morris;186.558
Morton;113.796
Nemaha;412.590
Neosho;507.463
Ness;175.704
Norton;266.220
Osage;252.101
Osborne;162.551
Ottawa;112.381
Pawnee;439.781
Phillips;346.312
Pottawatomie;1.282.876
Pratt;522.017
Rawlins;126.677
Reno;2.182.506
Republic;240.689
Rice;469.923
Riley;2.513.132
Rooks;220.521
Rush;139.650
Russell;340.960
Saline;2.662.331
Scott;674.061
Sedgwick;28.423.486
Seward;1.266.082
Shawnee;9.224.270
Sheridan;186.024
Sherman;278.199
Smith;141.262
Stafford;208.502
Stanton;183.170
Stevens;331.291
Sumner;645.254
Thomas;458.159
Trego;169.042
Wabaunsee;117.026
Wallace;93.631
Washington;217.562
Wichita;466.876
Wilson;324.439
Woodson;75.029
Wyandotte;10.597.999
Adair;333.416
Allen;442.165
Anderson;457.649
Ballard;195.068
Barren;1.357.773
Bath;159.832
Bell;724.968
Boone;9.025.004
Bourbon;972.190
Boyd;3.446.767
Boyle;1.088.034
Bracken;133.779
Breathitt;232.050
Breckinridge;321.798
Bullitt;2.081.869
Butler;297.702
Caldwell;343.880
Calloway;1.209.562
Campbell;3.024.597
Carlisle;154.472
Carroll;1.711.228
Carter;460.813
Casey;301.386
Christian;5.260.084
Clark;1.339.471
Clay;324.044
Clinton;295.351
Crittenden;193.101
Cumberland;134.905
Daviess;4.093.950
Edmonson;148.684
Elliott;68.386
Estill;188.719
Fayette;18.175.764
Fleming;256.867
Floyd;1.019.488
Franklin;2.816.119
Fulton;182.871
Gallatin;366.264
Garrard;216.663
Grant;460.030
Graves;1.095.503
Grayson;597.280
Green;148.852
Greenup;723.896
Hancock;913.415
Hardin;4.541.642
Harlan;554.950
Harrison;478.261
Hart;483.410
Henderson;1.969.148
Henry;308.157
Hickman;172.519
Hopkins;1.915.921
Jackson;151.331
Jefferson;48.448.704
Jessamine;1.747.116
Johnson;407.377
Kenton;6.578.765
Knott;219.552
Knox;576.941
Larue;198.305
Laurel;1.868.139
Lawrence;303.726
Lee;126.140
Leslie;160.952
Letcher;354.253
Lewis;162.495
Lincoln;344.816
Livingston;257.656
Logan;1.141.031
Lyon;178.529
McCracken;4.036.678
McCreary;227.746
McLean;303.045
Madison;2.755.277
Magoffin;143.070
Marion;735.990
Marshall;1.242.203
Martin;317.836
Mason;1.056.982
Meade;463.809
Menifee;73.134
Mercer;752.364
Metcalfe;159.188
Monroe;284.906
Montgomery;859.908
Morgan;221.021
Muhlenberg;1.263.445
Nelson;1.438.773
Nicholas;79.769
Ohio;890.515
Oldham;1.518.501
Owen;211.213
Owsley;48.787
Pendleton;238.081
Perry;936.901
Pike;1.985.134
Powell;187.892
Pulaski;1.897.799
Robertson;22.949
Rockcastle;274.616
Rowan;675.696
Russell;483.014
Scott;2.666.602
Shelby;1.384.510
Simpson;816.499
Spencer;205.703
Taylor;793.023
Todd;299.065
Trigg;233.257
Trimble;433.223
Union;638.121
Warren;5.354.183
Washington;287.645
Wayne;362.827
Webster;592.740
Whitley;945.799
Wolfe;93.018
Woodford;1.059.073
Acadia;1.496.856
Allen;614.060
Ascension;8.022.902
Assumption;387.917
Avoyelles;829.368
Beauregard;931.413
Bienville;600.019
Bossier;4.832.284
Caddo;11.900.165
Calcasieu;11.724.035
Caldwell;180.068
Cameron;1.469.116
Catahoula;174.264
Claiborne;475.099
Concordia;537.863
De Soto;3.102.843
East Baton Rouge;37.864.775
East Carroll;204.246
East Feliciana;443.247
Evangeline;860.163
Franklin;453.550
Grant;337.026
Iberia;3.036.443
Iberville;1.541.758
Jackson;476.084
Jefferson;21.093.283
Jefferson Davis;905.072
Lafayette;12.287.179
Lafourche;3.730.400
LaSalle;447.532
Lincoln;2.002.252
Livingston;2.262.951
Madison;393.131
Morehouse;672.639
Natchitoches;1.230.144
Orleans;21.424.452
Ouachita;6.571.209
Plaquemines;3.569.449
Pointe Coupee;780.225
Rapides;5.061.924
Red River;864.699
Richland;530.459
Sabine;721.062
St. Bernard;1.923.768
St. Charles;7.376.661
St. Helena;140.612
St. James;2.224.237
St. John the Baptist;2.976.594
St. Landry;2.253.898
St. Martin;1.133.792
St. Mary;2.299.656
St. Tammany;9.629.621
Tangipahoa;3.431.207
Tensas;147.117
Terrebonne;5.230.091
Union;606.404
Vermilion;1.581.938
Vernon;1.867.611
Washington;1.016.986
Webster;1.049.068
West Baton Rouge;1.965.013
West Carroll;226.762
West Feliciana;744.128
Winn;424.219
Androscoggin;4.168.754
Aroostook;2.330.519
Cumberland;18.331.283
Franklin;968.229
Hancock;2.115.623
Kennebec;4.906.539
Knox;1.543.270
Lincoln;997.524
Oxford;1.495.204
Penobscot;5.679.540
Piscataquis;464.434
Sagadahoc;1.483.674
Somerset;1.621.152
Waldo;1.079.165
Washington;1.024.631
York;6.881.770
Allegany;2.880.255
Anne Arundel;44.315.920
Baltimore;48.491.337
Calvert;4.534.089
Caroline;1.303.950
Carroll;5.626.279
Cecil;3.948.389
Charles;5.237.561
Dorchester;1.226.402
Frederick;11.739.958
Garrett;1.182.837
Harford;11.404.085
Howard;23.138.132
Kent;881.189
Montgomery;83.999.563
Prince George's;40.248.921
Queen Anne's;1.576.427
St. Mary's;6.390.500
Somerset;1.054.974
Talbot;1.952.387
Washington;6.697.323
Wicomico;4.895.969
Worcester;2.698.897
Baltimore City;44.590.603
Barnstable;12.218.581
Berkshire;6.520.799
Bristol;23.610.863
Dukes;1.704.873
Essex;40.626.609
Franklin;2.688.436
Hampden;20.443.970
Hampshire;6.835.904
Middlesex;146.791.776
Nantucket;1.714.775
Norfolk;49.022.260
Plymouth;22.832.632
Suffolk;105.349.822
Worcester;38.779.107
Alcona;193.476
Alger;213.996
Allegan;3.839.036
Alpena;990.536
Antrim;521.585
Arenac;387.737
Baraga;223.168
Barry;1.381.495
Bay;3.328.608
Benzie;399.501
Berrien;6.906.095
Branch;1.245.503
Calhoun;5.837.316
Cass;978.394
Charlevoix;1.076.561
Cheboygan;573.953
Chippewa;1.028.903
Clare;820.994
Clinton;1.998.643
Crawford;358.118
Delta;1.137.804
Dickinson;1.176.187
Eaton;4.717.436
Emmet;1.519.158
Genesee;14.687.136
Gladwin;405.269
Gogebic;427.398
Grand Traverse;4.466.254
Gratiot;1.200.514
Hillsdale;1.421.336
Houghton;1.004.763
Huron;1.355.848
Ingham;14.513.528
Ionia;1.434.044
Iosco;693.894
Iron;291.434
Isabella;2.197.317
Jackson;5.342.262
Kalamazoo;11.688.699
Kalkaska;447.825
Kent;36.728.636
Keweenaw;46.566
Lake;183.900
Lapeer;1.960.584
Leelanau;642.499
Lenawee;2.631.479
Livingston;5.845.457
Luce;150.931
Mackinac;405.764
Macomb;34.884.320
Manistee;681.803
Marquette;3.102.946
Mason;971.006
Mecosta;1.193.564
Menominee;627.956
Midland;4.844.818
Missaukee;343.436
Monroe;5.428.402
Montcalm;1.469.900
Montmorency;263.183
Muskegon;5.798.477
Newaygo;1.183.571
Oakland;91.302.267
Oceana;611.447
Ogemaw;500.232
Ontonagon;117.202
Osceola;641.435
Oscoda;175.610
Otsego;876.851
Ottawa;12.311.876
Presque Isle;350.253
Roscommon;526.482
Saginaw;7.573.411
St. Clair;4.798.011
St. Joseph;1.898.732
Sanilac;1.140.005
Schoolcraft;280.887
Shiawassee;1.525.289
Tuscola;1.190.577
Van Buren;2.803.474
Washtenaw;20.953.441
Wayne;88.510.590
Wexford;1.078.568
Aitkin;410.841
Anoka;13.161.687
Becker;1.350.217
Beltrami;1.607.191
Benton;1.635.461
Big Stone;216.457
Blue Earth;3.843.519
Brown;1.476.911
Carlton;1.152.410
Carver;4.532.690
Cass;880.147
Chippewa;559.319
Chisago;1.336.519
Clay;1.842.745
Clearwater;322.608
Cook;258.898
Cottonwood;619.837
Crow Wing;2.602.655
Dakota;23.934.542
Dodge;691.333
Douglas;1.870.906
Faribault;522.390
Fillmore;674.238
Freeborn;1.182.076
Goodhue;2.678.694
Grant;284.173
Hennepin;118.485.235
Houston;529.269
Hubbard;566.013
Isanti;1.023.198
Itasca;2.066.706
Jackson;654.394
Kanabec;388.504
Kandiyohi;2.214.173
Kittson;179.118
Koochiching;515.553
Lac qui Parle;238.733
Lake;571.299
Lake of the Woods;177.839
Le Sueur;922.289
Lincoln;274.724
Lyon;1.593.298
McLeod;1.768.028
Mahnomen;184.295
Marshall;324.026
Martin;976.492
Meeker;772.287
Mille Lacs;759.934
Morrison;1.327.067
Mower;1.834.838
Murray;604.407
Nicollet;1.330.738
Nobles;1.257.133
Norman;231.577
Olmsted;9.701.265
Otter Tail;2.241.108
Pennington;1.268.132
Pine;623.389
Pipestone;683.695
Polk;1.233.914
Pope;493.154
Ramsey;38.182.069
Red Lake;159.119
Redwood;931.123
Renville;775.430
Rice;2.355.643
Rock;814.687
Roseau;1.173.578
St. Louis;9.737.256
Scott;5.364.590
Sherburne;3.043.691
Sibley;427.760
Stearns;7.892.112
Steele;2.055.855
Stevens;612.914
Swift;542.365
Todd;737.772
Traverse;299.236
Wabasha;693.799
Wadena;488.842
Waseca;876.672
Washington;9.566.054
Watonwan;417.971
Wilkin;312.812
Winona;2.229.285
Wright;3.976.754
Yellow Medicine;588.145
Adams;892.376
Alcorn;1.091.551
Amite;212.385
Attala;482.326
Benton;310.436
Bolivar;1.003.382
Calhoun;243.275
Carroll;110.373
Chickasaw;479.612
Choctaw;625.486
Claiborne;524.103
Clarke;273.387
Clay;519.615
Coahoma;678.643
Copiah;632.320
Covington;539.206
DeSoto;4.825.269
Forrest;3.265.920
Franklin;162.783
George;376.626
Greene;144.296
Grenada;963.540
Hancock;1.434.572
Harrison;7.687.632
Hinds;11.101.769
Holmes;266.962
Humphreys;167.270
Issaquena;16.630
Itawamba;512.353
Jackson;7.146.540
Jasper;528.855
Jefferson;123.512
Jefferson Davis;183.180
Jones;2.534.914
Kemper;442.076
Lafayette;1.858.879
Lamar;1.472.058
Lauderdale;2.777.915
Lawrence;326.376
Leake;515.305
Lee;4.312.518
Leflore;1.067.132
Lincoln;996.359
Lowndes;2.596.292
Madison;5.437.465
Marion;685.649
Marshall;542.982
Monroe;872.979
Montgomery;193.793
Neshoba;943.300
Newton;468.453
Noxubee;214.876
Oktibbeha;1.551.743
Panola;1.033.000
Pearl River;864.745
Perry;264.245
Pike;1.075.898
Pontotoc;845.032
Prentiss;541.842
Quitman;101.643
Rankin;5.933.489
Scott;992.078
Sharkey;85.428
Simpson;536.846
Smith;420.642
Stone;295.118
Sunflower;666.015
Tallahatchie;268.657
Tate;444.398
Tippah;485.940
Tishomingo;419.580
Tunica;601.470
Union;1.259.252
Walthall;225.543
Warren;1.954.010
Washington;1.452.394
Wayne;660.154
Webster;154.351
Wilkinson;135.096
Winston;467.937
Yalobusha;220.552
Yazoo;652.240
Adair;728.378
Andrew;277.041
Atchison;293.940
Audrain;1.024.154
Barry;1.458.380
Barton;363.939
Bates;379.860
Benton;353.095
Bollinger;160.972
Boone;8.054.261
Buchanan;4.455.478
Butler;1.426.333
Caldwell;163.793
Callaway;1.720.010
Camden;1.254.947
Cape Girardeau;3.643.247
Carroll;369.988
Carter;106.786
Cass;2.176.307
Cedar;247.780
Chariton;300.928
Christian;1.413.699
Clark;157.577
Clay;9.957.429
Clinton;355.581
Cole;4.536.619
Cooper;422.842
Crawford;576.637
Dade;186.712
Dallas;245.940
Daviess;172.184
DeKalb;289.682
Dent;318.517
Douglas;214.074
Dunklin;690.512
Franklin;4.088.363
Gasconade;427.958
Gentry;195.300
Greene;14.268.347
Grundy;374.702
Harrison;222.789
Henry;668.264
Hickory;115.480
Holt;244.027
Howard;215.501
Howell;1.106.100
Iron;400.453
Jackson;40.442.374
Jasper;5.018.456
Jefferson;4.369.661
Johnson;1.617.496
Knox;119.805
Laclede;1.035.508
Lafayette;781.231
Lawrence;826.511
Lewis;209.349
Lincoln;1.060.814
Linn;379.731
Livingston;540.915
McDonald;668.977
Macon;568.690
Madison;242.590
Maries;172.902
Marion;1.030.784
Mercer;89.603
Miller;619.611
Mississippi;395.918
Moniteau;361.554
Monroe;219.323
Montgomery;311.750
Morgan;440.304
New Madrid;1.016.449
Newton;1.874.888
Nodaway;707.068
Oregon;212.672
Osage;407.816
Ozark;128.568
Pemiscot;556.023
Perry;1.032.330
Pettis;1.630.316
Phelps;1.449.789
Pike;518.142
Platte;5.704.109
Polk;692.580
Pulaski;2.012.355
Putnam;125.043
Ralls;377.487
Randolph;1.130.989
Ray;465.200
Reynolds;217.688
Ripley;210.309
St. Charles;14.985.235
St. Clair;135.327
Ste. Genevieve;542.754
St. Francois;1.758.889
St. Louis;69.259.764
Saline;937.301
Schuyler;67.142
Scotland;140.979
Scott;1.477.397
Shannon;154.291
Shelby;154.944
Stoddard;1.040.685
Stone;582.693
Sullivan;254.257
Taney;2.090.926
Texas;507.344
Vernon;834.113
Warren;673.156
Washington;336.772
Wayne;215.618
Webster;572.958
Worth;50.956
Wright;322.870
St. Louis City;26.201.569
Beaverhead;440.341
Big Horn;918.257
Blaine;176.981
Broadwater;170.440
Carbon;340.301
Carter;118.831
Cascade;3.397.112
Chouteau;150.460
Custer;460.251
Daniels;92.310
Dawson;442.744
Deer Lodge;246.322
Fallon;234.635
Fergus;430.976
Flathead;3.582.705
Gallatin;4.760.598
Garfield;44.954
Glacier;424.239
Golden Valley;28.197
Granite;83.305
Hill;656.073
Jefferson;264.984
Judith Basin;144.383
Lake;690.774
Lewis and Clark;3.009.782
Liberty;141.700
Lincoln;476.285
McCone;105.636
Madison;388.574
Meagher;65.430
Mineral;83.514
Missoula;4.644.828
Musselshell;304.106
Park;465.489
Petroleum;30.323
Phillips;130.145
Pondera;211.331
Powder River;134.249
Powell;209.561
Prairie;65.806
Ravalli;917.825
Richland;1.061.320
Roosevelt;439.497
Rosebud;905.776
Sanders;302.684
Sheridan;195.381
Silver Bow;1.363.205
Stillwater;558.981
Sweet Grass;207.151
Teton;245.133
Toole;327.668
Treasure;147.331
Valley;311.574
Wheatland;111.505
Wibaux;45.923
Yellowstone;8.559.013
Adams;1.785.558
Antelope;531.950
Arthur;27.039
Banner;106.930
Blaine;65.012
Boone;452.422
Box Butte;580.836
Boyd;113.978
Brown;352.270
Buffalo;2.471.127
Burt;295.801
Butler;255.332
Cass;636.084
Cedar;408.145
Chase;390.803
Cherry;468.105
Cheyenne;736.872
Clay;342.984
Colfax;644.905
Cuming;1.257.559
Custer;971.356
Dakota;1.180.585
Dawes;307.071
Dawson;1.518.218
Deuel;87.608
Dixon;184.265
Dodge;1.732.186
Douglas;39.762.567
Dundy;205.387
Fillmore;321.629
Franklin;78.253
Frontier;125.703
Furnas;242.319
Gage;841.385
Garden;86.597
Garfield;128.139
Gosper;96.353
Grant;51.476
Greeley;102.644
Hall;3.105.457
Hamilton;589.167
Harlan;228.713
Hayes;101.018
Hitchcock;122.782
Holt;640.085
Hooker;58.607
Howard;255.488
Jefferson;435.356
Johnson;160.434
Kearney;435.768
Keith;405.833
Keya Paha;60.997
Kimball;147.274
Knox;392.774
Lancaster;15.726.708
Lincoln;2.548.608
Logan;50.072
Loup;68.496
McPherson;45.055
Madison;2.086.648
Merrick;488.624
Morrill;665.751
Nance;112.251
Nemaha;737.281
Nuckolls;271.512
Otoe;1.302.350
Pawnee;88.116
Perkins;244.967
Phelps;1.054.366
Pierce;333.734
Platte;2.324.666
Polk;294.377
Red Willow;535.857
Richardson;294.874
Rock;133.461
Saline;754.521
Sarpy;6.603.849
Saunders;654.575
Scotts Bluff;1.699.460
Seward;697.798
Sheridan;277.263
Sherman;117.598
Sioux;150.300
Stanton;291.426
Thayer;368.738
Thomas;58.216
Thurston;380.187
Valley;290.687
Washington;1.280.250
Wayne;338.224
Webster;330.489
Wheeler;227.272
York;741.287
Churchill;930.658
Clark;98.494.965
Douglas;2.226.487
Elko;2.419.786
Esmeralda;62.480
Eureka;1.439.433
Humboldt;1.217.506
Lander;793.287
Lincoln;185.407
Lyon;1.237.134
Mineral;173.454
Nye;1.467.414
Pershing;285.868
Storey;811.888
Washoe;23.164.021
White Pine;630.835
Carson City;2.949.274
Belknap;2.509.230
Carroll;1.955.909
Cheshire;3.388.678
Coos;1.151.378
Grafton;5.900.320
Hillsborough;24.296.142
Merrimack;8.680.384
Rockingham;18.453.288
Strafford;5.213.582
Sullivan;1.479.740
Atlantic;12.598.505
Bergen;68.097.982
Burlington;24.830.300
Camden;22.713.888
Cape May;4.855.459
Cumberland;6.064.940
Essex;50.659.296
Gloucester;12.942.445
Hudson;42.259.575
Hunterdon;6.551.292
Mercer;29.707.159
Middlesex;56.531.986
Monmouth;30.955.878
Morris;47.985.687
Ocean;18.414.986
Passaic;21.331.339
Salem;4.767.667
Somerset;35.334.095
Sussex;4.457.173
Union;35.419.683
Warren;3.976.837
Bernalillo;33.433.718
Catron;81.153
Chaves;2.077.081
Cibola;647.295
Colfax;494.407
Curry;2.825.457
De Baca;95.365
Doña Ana;6.658.640
Eddy;7.305.754
Grant;1.175.432
Guadalupe;145.919
Harding;148.892
Hidalgo;190.844
Lea;6.054.181
Lincoln;572.924
Los Alamos;2.069.892
Luna;792.120
McKinley;2.390.004
Mora;128.599
Otero;2.488.847
Quay;270.984
Rio Arriba;1.473.432
Roosevelt;659.944
Sandoval;2.998.168
San Juan;6.383.882
San Miguel;626.489
Santa Fe;5.808.812
Sierra;287.868
Socorro;488.293
Taos;898.088
Torrance;364.838
Union;307.996
Valencia;1.216.298
Albany;28.193.318
Allegany;1.330.040
Bronx;39.754.631
Broome;8.329.710
Cattaraugus;2.745.367
Cayuga;2.586.303
Chautauqua;4.572.457
Chemung;3.551.607
Chenango;2.125.499
Clinton;3.444.155
Columbia;2.213.572
Cortland;1.738.168
Delaware;1.768.377
Dutchess;12.070.553
Erie;51.058.804
Essex;1.427.803
Franklin;1.708.385
Fulton;1.736.710
Genesee;2.274.913
Greene;2.050.009
Hamilton;180.038
Herkimer;1.647.019
Jefferson;5.909.765
Kings;84.364.928
Lewis;941.113
Livingston;1.914.088
Madison;2.058.802
Monroe;41.555.363
Montgomery;1.760.899
Nassau;82.166.128
New York;594.109.655
Niagara;8.700.532
Oneida;9.820.254
Onondaga;27.547.678
Ontario;5.234.726
Orange;15.204.290
Orleans;1.225.362
Oswego;5.953.311
Otsego;2.266.812
Putnam;3.035.486
Queens;87.874.398
Rensselaer;6.683.514
Richmond;13.274.832
Rockland;15.865.035
St. Lawrence;4.266.272
Saratoga;9.522.304
Schenectady;7.717.139
Schoharie;911.167
Schuyler;485.655
Seneca;1.291.230
Steuben;4.019.059
Suffolk;79.971.720
Sullivan;2.541.549
Tioga;1.772.784
Tompkins;5.408.494
Ulster;6.144.070
Warren;3.725.599
Washington;1.618.475
Wayne;3.535.589
Westchester;68.102.993
Wyoming;1.535.523
Yates;808.285
Alamance;5.337.591
Alexander;767.320
Alleghany;298.826
Anson;811.804
Ashe;652.520
Avery;537.894
Beaufort;2.119.967
Bertie;636.622
Bladen;1.386.626
Brunswick;3.747.469
Buncombe;11.258.857
Burke;2.505.256
Cabarrus;6.342.645
Caldwell;2.207.677
Camden;135.533
Carteret;2.114.927
Caswell;324.834
Catawba;7.987.144
Chatham;1.406.361
Cherokee;627.823
Chowan;512.220
Clay;192.827
Cleveland;3.412.549
Columbus;1.384.243
Craven;4.487.853
Cumberland;15.875.143
Currituck;545.364
Dare;1.928.906
Davidson;4.172.736
Davie;1.116.779
Duplin;2.057.379
Durham;29.929.950
Edgecombe;1.526.806
Forsyth;22.278.100
Franklin;1.586.339
Gaston;6.499.517
Gates;144.696
Graham;180.731
Granville;2.586.744
Greene;456.527
Guilford;30.993.155
Halifax;1.348.502
Harnett;2.148.931
Haywood;1.557.388
Henderson;3.474.273
Hertford;721.408
Hoke;858.400
Hyde;151.284
Iredell;7.331.197
Jackson;1.256.135
Johnston;5.384.913
Jones;183.919
Lee;2.483.688
Lenoir;2.765.947
Lincoln;2.255.144
McDowell;1.532.498
Macon;1.196.896
Madison;357.390
Martin;637.299
Mecklenburg;91.539.788
Mitchell;433.303
Montgomery;818.890
Moore;3.010.816
Nash;7.133.785
New Hanover;11.099.329
Northampton;484.229
Onslow;8.127.873
Orange;7.374.891
Pamlico;243.138
Pasquotank;1.333.990
Pender;1.130.431
Perquimans;181.834
Person;1.454.745
Pitt;8.577.751
Polk;456.491
Randolph;3.776.875
Richmond;1.839.664
Robeson;3.286.330
Rockingham;2.892.518
Rowan;4.612.597
Rutherford;1.577.961
Sampson;1.971.109
Scotland;1.168.548
Stanly;1.630.780
Stokes;1.116.332
Surry;2.192.465
Swain;522.237
Transylvania;927.866
Tyrrell;113.141
Union;5.959.661
Vance;1.225.841
Wake;66.384.516
Warren;273.149
Washington;260.034
Watauga;1.842.284
Wayne;4.449.782
Wilkes;2.255.763
Wilson;3.893.224
Yadkin;874.111
Yancey;349.815
Adams;129.510
Barnes;534.592
Benson;206.821
Billings;130.011
Bottineau;358.221
Bowman;282.868
Burke;231.526
Burleigh;5.199.378
Cass;11.144.919
Cavalier;620.158
Dickey;350.211
Divide;243.123
Dunn;838.930
Eddy;122.052
Emmons;235.781
Foster;253.205
Golden Valley;90.584
Grand Forks;3.712.582
Grant;160.334
Griggs;235.106
Hettinger;115.391
Kidder;112.256
LaMoure;200.561
Logan;167.876
McHenry;228.755
McIntosh;145.366
McKenzie;2.439.709
McLean;744.314
Mercer;1.175.057
Morton;1.383.630
Mountrail;1.550.496
Nelson;157.261
Oliver;253.121
Pembina;544.501
Pierce;190.686
Ramsey;640.010
Ransom;261.229
Renville;210.559
Richland;873.516
Rolette;385.378
Sargent;531.551
Sheridan;42.640
Sioux;153.835
Slope;33.738
Stark;2.334.183
Steele;150.023
Stutsman;1.196.318
Towner;125.473
Traill;400.060
Walsh;563.521
Ward;3.698.957
Wells;288.124
Williams;4.398.991
Adams;1.539.615
Allen;7.666.519
Ashland;1.528.868
Ashtabula;2.752.533
Athens;1.887.451
Auglaize;2.043.788
Belmont;5.140.223
Brown;778.811
Butler;18.362.683
Carroll;2.996.650
Champaign;1.012.298
Clark;4.191.096
Clermont;7.180.676
Clinton;1.923.589
Columbiana;2.980.532
Coshocton;1.450.473
Crawford;1.284.057
Cuyahoga;83.020.201
Darke;1.863.076
Defiance;1.737.411
Delaware;9.368.410
Erie;4.915.650
Fairfield;3.663.185
Fayette;2.443.851
Franklin;84.571.803
Fulton;1.920.911
Gallia;2.070.484
Geauga;3.634.004
Greene;8.294.159
Guernsey;2.419.688
Hamilton;66.352.651
Hancock;5.310.791
Hardin;862.964
Harrison;2.737.156
Henry;1.197.418
Highland;1.003.681
Hocking;560.295
Holmes;2.017.531
Huron;1.990.203
Jackson;928.117
Jefferson;3.323.251
Knox;1.915.274
Lake;9.894.855
Lawrence;1.726.071
Licking;5.326.346
Logan;1.848.091
Lorain;9.264.642
Lucas;23.199.762
Madison;1.615.660
Mahoning;8.446.847
Marion;2.570.523
Medina;6.417.786
Meigs;333.985
Mercer;2.219.884
Miami;3.797.442
Monroe;2.330.584
Montgomery;25.191.059
Morgan;270.302
Morrow;632.104
Muskingum;3.474.892
Noble;1.417.899
Ottawa;1.790.048
Paulding;447.426
Perry;656.726
Pickaway;1.451.389
Pike;933.468
Portage;5.377.510
Preble;975.949
Putnam;1.113.158
Richland;4.241.523
Ross;2.391.392
Sandusky;2.717.780
Scioto;2.687.713
Seneca;1.804.077
Shelby;2.850.074
Stark;15.288.189
Summit;26.590.573
Trumbull;7.011.688
Tuscarawas;3.391.368
Union;3.479.759
Van Wert;1.179.716
Vinton;237.375
Warren;9.479.663
Washington;3.408.448
Wayne;5.091.384
Williams;1.577.422
Wood;6.140.420
Wyandot;851.204
Adair;429.517
Alfalfa;279.603
Atoka;298.262
Beaver;326.040
Beckham;1.069.804
Blaine;325.252
Bryan;1.307.845
Caddo;758.173
Canadian;3.260.423
Carter;2.630.877
Cherokee;1.077.388
Choctaw;414.286
Cimarron;288.299
Cleveland;7.055.559
Coal;123.935
Comanche;4.639.957
Cotton;142.590
Craig;431.441
Creek;1.698.902
Custer;1.406.542
Delaware;826.600
Dewey;278.476
Ellis;237.113
Garfield;4.364.767
Garvin;1.263.767
Grady;1.176.055
Grant;318.522
Greer;113.833
Harmon;102.294
Harper;270.857
Haskell;380.725
Hughes;506.820
Jackson;945.826
Jefferson;151.598
Johnston;341.867
Kay;1.580.562
Kingfisher;888.784
Kiowa;268.211
Latimer;427.949
Le Flore;1.291.472
Lincoln;651.550
Logan;603.123
Love;395.730
McClain;911.200
McCurtain;987.390
McIntosh;312.949
Major;325.689
Marshall;352.237
Mayes;1.542.224
Murray;471.357
Muskogee;2.942.472
Noble;561.239
Nowata;176.203
Okfuskee;191.876
Oklahoma;62.315.216
Okmulgee;785.648
Osage;1.206.257
Ottawa;924.149
Pawnee;342.692
Payne;2.900.421
Pittsburg;1.605.383
Pontotoc;1.630.596
Pottawatomie;1.937.989
Pushmataha;211.192
Roger Mills;158.197
Rogers;2.658.238
Seminole;640.459
Sequoyah;652.493
Stephens;1.473.936
Texas;2.036.828
Tillman;166.576
Tulsa;41.932.981
Wagoner;1.047.344
Washington;7.660.451
Washita;215.316
Woods;901.106
Woodward;1.140.263
Baker;583.962
Benton;4.005.422
Clackamas;17.262.470
Clatsop;1.648.308
Columbia;1.172.725
Coos;2.062.668
Crook;691.896
Curry;577.237
Deschutes;7.414.436
Douglas;3.241.815
Gilliam;250.107
Grant;239.962
Harney;266.555
Hood River;1.060.188
Jackson;7.766.832
Jefferson;604.164
Josephine;2.353.071
Klamath;2.211.479
Lake;320.000
Lane;14.248.610
Lincoln;1.641.340
Linn;4.237.331
Malheur;1.299.826
Marion;13.546.944
Morrow;1.386.997
Multnomah;56.498.320
Polk;1.650.185
Sherman;603.867
Tillamook;957.141
Umatilla;3.104.449
Union;884.191
Wallowa;310.817
Wasco;1.282.619
Washington;42.480.277
Wheeler;31.814
Yamhill;3.173.716
Adams;3.426.247
Allegheny;85.781.846
Armstrong;2.220.494
Beaver;6.242.485
Bedford;1.390.047
Berks;18.280.605
Blair;5.337.374
Bradford;4.843.265
Bucks;30.076.987
Butler;9.609.822
Cambria;4.468.711
Cameron;262.037
Carbon;2.154.777
Centre;7.725.985
Chester;37.788.814
Clarion;1.169.034
Clearfield;2.504.584
Clinton;1.569.725
Columbia;2.287.471
Crawford;2.834.178
Cumberland;13.557.418
Dauphin;20.270.333
Delaware;29.712.835
Elk;1.460.347
Erie;10.903.803
Fayette;4.200.321
Forest;239.883
Franklin;5.301.725
Fulton;530.805
Greene;4.368.667
Huntingdon;1.251.071
Indiana;3.915.679
Jefferson;1.495.083
Juniata;676.764
Lackawanna;8.791.081
Lancaster;25.173.857
Lawrence;2.878.766
Lebanon;5.284.390
Lehigh;20.493.815
Luzerne;14.206.551
Lycoming;6.405.208
McKean;2.052.842
Mercer;4.107.217
Mifflin;1.577.070
Monroe;6.279.754
Montgomery;68.619.082
Montour;1.791.602
Northampton;13.433.775
Northumberland;2.744.868
Perry;822.617
Philadelphia;107.494.440
Pike;1.176.081
Potter;875.235
Schuylkill;4.672.886
Snyder;1.285.207
Somerset;2.349.867
Sullivan;553.055
Susquehanna;5.129.842
Tioga;1.914.418
Union;1.745.522
Venango;1.789.260
Warren;1.729.284
Washington;13.225.257
Wayne;1.489.550
Westmoreland;13.212.306
Wyoming;2.277.581
York;18.397.467
Bristol;1.590.895
Kent;8.252.992
Newport;5.105.097
Providence;32.239.142
Washington;5.840.189
Abbeville;564.812
Aiken;5.958.661
Allendale;265.525
Anderson;5.952.430
Bamberg;341.201
Barnwell;472.148
Beaufort;6.449.604
Berkeley;6.632.391
Calhoun;509.147
Charleston;26.072.110
Cherokee;1.642.203
Chester;989.360
Chesterfield;1.394.821
Clarendon;551.574
Colleton;862.012
Darlington;2.398.418
Dillon;694.499
Dorchester;2.992.920
Edgefield;544.452
Fairfield;1.434.061
Florence;6.434.372
Georgetown;2.148.807
Greenville;26.928.425
Greenwood;2.628.032
Hampton;426.820
Horry;10.472.261
Jasper;903.941
Kershaw;1.661.606
Lancaster;2.962.212
Laurens;2.390.808
Lee;304.362
Lexington;10.801.149
McCormick;181.368
Marion;515.816
Marlboro;701.252
Newberry;1.244.937
Oconee;3.592.214
Orangeburg;2.606.201
Pickens;3.411.266
Richland;21.965.802
Saluda;391.029
Spartanburg;12.834.928
Sumter;3.595.373
Union;653.820
Williamsburg;698.693
York;9.349.568
Aurora;72.990
Beadle;906.927
Bennett;97.143
Bon Homme;185.270
Brookings;2.132.812
Brown;2.149.967
Brule;235.458
Buffalo;79.124
Butte;292.660
Campbell;88.914
Charles Mix;359.644
Clark;205.066
Clay;499.991
Codington;1.345.336
Corson;109.413
Custer;212.574
Davison;1.067.462
Day;358.124
Deuel;284.639
Dewey;266.628
Douglas;186.724
Edmunds;194.256
Fall River;278.200
Faulk;156.899
Grant;624.225
Gregory;134.679
Haakon;98.103
Hamlin;265.720
Hand;150.497
Hanson;109.246
Harding;103.883
Hughes;1.055.763
Hutchinson;307.454
Hyde;104.587
Jackson;58.320
Jerauld;166.537
Jones;46.879
Kingsbury;317.567
Lake;532.464
Lawrence;952.074
Lincoln;2.113.196
Lyman;172.488
McCook;181.508
McPherson;105.422
Marshall;338.852
Meade;667.728
Mellette;34.192
Miner;75.278
Minnehaha;14.886.681
Moody;357.639
Oglala Lakota;307.460
Pennington;4.736.532
Perkins;123.255
Potter;158.639
Roberts;404.925
Sanborn;126.866
Spink;563.079
Stanley;134.478
Sully;120.860
Todd;195.336
Tripp;264.895
Turner;354.839
Union;1.085.077
Walworth;240.690
Yankton;1.030.865
Ziebach;118.131
Anderson;4.249.477
Bedford;1.523.008
Benton;324.301
Bledsoe;188.382
Blount;4.682.156
Bradley;4.024.517
Campbell;810.462
Cannon;219.580
Carroll;643.334
Carter;953.610
Cheatham;994.771
Chester;327.182
Claiborne;710.998
Clay;172.692
Cocke;691.094
Coffee;2.343.573
Crockett;504.795
Cumberland;1.440.798
Davidson;58.938.281
Decatur;299.004
DeKalb;652.502
Dickson;1.608.996
Dyer;1.484.077
Fayette;1.027.533
Fentress;385.226
Franklin;1.006.466
Gibson;1.278.170
Giles;963.364
Grainger;341.536
Greene;2.111.109
Grundy;209.255
Hamblen;2.800.508
Hamilton;21.616.288
Hancock;76.086
Hardeman;545.573
Hardin;814.129
Hawkins;1.621.170
Haywood;757.166
Henderson;658.391
Henry;1.097.475
Hickman;358.473
Houston;125.378
Humphreys;793.076
Jackson;176.764
Jefferson;1.242.522
Johnson;354.977
Knox;23.255.066
Lake;134.359
Lauderdale;597.535
Lawrence;937.176
Lewis;237.495
Lincoln;1.519.229
Loudon;1.546.412
McMinn;1.850.165
McNairy;561.357
Macon;505.883
Madison;5.215.024
Marion;701.685
Marshall;894.829
Maury;3.532.151
Meigs;217.640
Monroe;1.188.140
Montgomery;4.433.568
Moore;193.254
Morgan;252.136
Obion;1.045.357
Overton;434.880
Perry;164.524
Pickett;133.461
Polk;262.504
Putnam;2.921.976
Rhea;1.608.669
Roane;2.244.293
Robertson;2.388.704
Rutherford;13.126.499
Scott;510.200
Sequatchie;256.007
Sevier;3.437.204
Shelby;56.119.672
Smith;568.817
Stewart;952.363
Sullivan;6.746.268
Sumner;5.628.337
Tipton;1.036.882
Trousdale;150.467
Unicoi;458.853
Union;261.506
Van Buren;92.430
Warren;1.385.241
Washington;5.064.167
Wayne;275.583
Weakley;1.038.075
White;638.547
Williamson;19.067.496
Wilson;4.199.480
Anderson;1.721.880
Andrews;4.719.289
Angelina;2.901.639
Aransas;630.507
Archer;342.958
Armstrong;48.232
Atascosa;3.801.540
Austin;1.156.155
Bailey;386.473
Bandera;322.787
Bastrop;1.791.918
Baylor;155.480
Bee;827.122
Bell;14.322.696
Bexar;90.039.186
Blanco;296.426
Borden;460.660
Bosque;528.581
Bowie;3.375.284
Brazoria;14.189.548
Brazos;9.030.378
Brewster;340.513
Briscoe;88.820
Brooks;349.130
Brown;1.292.176
Burleson;1.050.063
Burnet;1.293.212
Caldwell;808.241
Calhoun;2.423.067
Callahan;246.055
Cameron;9.712.856
Camp;368.146
Carson;902.195
Cass;684.435
Castro;741.652
Chambers;3.081.413
Cherokee;1.397.008
Childress;205.435
Clay;243.662
Cochran;365.620
Coke;143.334
Coleman;216.919
Collin;54.334.515
Collingsworth;81.736
Colorado;814.513
Comal;4.802.661
Comanche;355.403
Concho;113.857
Cooke;3.053.482
Coryell;1.448.950
Cottle;68.968
Crane;1.314.409
Crockett;1.693.416
Crosby;292.331
Culberson;1.133.249
Dallam;876.929
Dallas;225.165.487
Dawson;742.217
Deaf Smith;1.995.130
Delta;136.013
Denton;26.963.370
DeWitt;8.249.103
Dickens;140.380
Dimmit;5.151.900
Donley;124.084
Duval;421.991
Eastland;623.757
Ector;10.231.223
Edwards;100.298
Ellis;4.996.561
El Paso;27.243.010
Erath;1.266.943
Falls;374.266
Fannin;676.608
Fayette;1.591.941
Fisher;214.756
Floyd;231.186
Foard;32.296
Fort Bend;22.516.359
Franklin;416.509
Freestone;1.799.946
Frio;1.301.870
Gaines;3.128.446
Galveston;14.187.779
Garza;400.531
Gillespie;842.748
Glasscock;3.547.395
Goliad;312.233
Gonzales;4.901.192
Gray;1.043.923
Grayson;4.454.424
Gregg;6.944.429
Grimes;1.091.675
Guadalupe;5.324.974
Hale;1.207.499
Hall;75.172
Hamilton;211.193
Hansford;893.614
Hardeman;177.771
Hardin;1.291.769
Harris;366.229.550
Harrison;4.232.945
Hartley;1.131.946
Haskell;200.031
Hays;5.664.189
Hemphill;1.249.592
Henderson;1.543.327
Hidalgo;18.796.868
Hill;877.529
Hockley;2.151.778
Hood;1.814.596
Hopkins;1.318.796
Houston;911.353
Howard;3.795.172
Hudspeth;174.861
Hunt;3.561.962
Hutchinson;10.127.514
Irion;1.917.455
Jack;645.665
Jackson;617.979
Jasper;976.678
Jeff Davis;73.260
Jefferson;20.111.650
Jim Hogg;214.373
Jim Wells;1.365.245
Johnson;5.652.498
Jones;436.042
Karnes;10.598.008
Kaufman;2.830.872
Kendall;1.657.946
Kenedy;256.678
Kent;441.252
Kerr;1.611.764
Kimble;153.843
King;239.628
Kinney;113.823
Kleberg;1.110.513
Knox;154.140
Lamar;2.268.557
Lamb;812.814
Lampasas;406.005
La Salle;6.957.974
Lavaca;1.462.815
Lee;907.336
Leon;1.125.015
Liberty;1.749.002
Limestone;1.388.777
Lipscomb;799.678
Live Oak;2.192.995
Llano;641.145
Loving;4.164.495
Lubbock;11.986.949
Lynn;203.855
McCulloch;312.566
McLennan;10.749.383
McMullen;4.398.964
Madison;911.051
Marion;227.666
Martin;5.638.755
Mason;111.691
Matagorda;2.077.158
Maverick;1.428.314
Medina;831.788
Menard;55.084
Midland;18.200.363
Milam;934.331
Mills;137.424
Mitchell;531.847
Montague;1.098.779
Montgomery;20.735.800
Moore;1.940.150
Morris;829.719
Motley;29.633
Nacogdoches;2.545.095
Navarro;1.493.440
Newton;392.899
Nolan;971.499
Nueces;17.734.655
Ochiltree;1.582.070
Oldham;396.934
Orange;3.412.081
Palo Pinto;990.108
Panola;2.790.406
Parker;3.693.273
Parmer;1.203.297
Pecos;2.339.163
Polk;1.190.346
Potter;7.463.247
Presidio;244.423
Rains;165.198
Randall;3.446.296
Reagan;4.380.534
Real;62.311
Red River;274.688
Reeves;5.444.587
Refugio;506.016
Roberts;1.327.647
Robertson;2.817.811
Rockwall;2.608.590
Runnels;308.507
Rusk;2.724.827
Sabine;221.445
San Augustine;773.852
San Jacinto;292.149
San Patricio;2.283.569
San Saba;156.394
Schleicher;237.208
Scurry;2.408.666
Shackelford;264.821
Shelby;1.459.353
Sherman;563.684
Smith;9.981.950
Somervell;1.272.313
Starr;1.426.752
Stephens;546.240
Sterling;339.913
Stonewall;317.069
Sutton;419.292
Swisher;643.772
Tarrant;98.904.785
Taylor;5.541.671
Terrell;217.571
Terry;742.819
Throckmorton;168.424
Titus;1.982.075
Tom Green;4.830.233
Travis;98.327.126
Trinity;221.459
Tyler;454.883
Upshur;805.815
Upton;5.723.170
Uvalde;1.125.048
Val Verde;1.577.921
Van Zandt;1.031.268
Victoria;3.996.210
Walker;1.948.024
Waller;1.923.541
Ward;2.986.237
Washington;1.491.914
Webb;12.412.815
Wharton;1.580.157
Wheeler;1.341.627
Wichita;5.205.682
Wilbarger;701.540
Willacy;445.710
Williamson;17.704.369
Wilson;902.787
Winkler;942.307
Wise;3.630.820
Wood;1.617.073
Yoakum;2.969.634
Young;874.947
Zapata;836.629
Zavala;1.079.997
Beaver;303.278
Box Elder;2.162.398
Cache;4.497.837
Carbon;971.884
Daggett;117.927
Davis;12.075.679
Duchesne;1.171.020
Emery;868.209
Garfield;229.139
Grand;474.032
Iron;1.377.084
Juab;383.235
Kane;277.676
Millard;788.588
Morgan;219.084
Piute;71.482
Rich;136.558
Salt Lake;76.597.334
San Juan;488.440
Sanpete;801.823
Sevier;989.382
Summit;2.701.044
Tooele;1.632.932
Uintah;1.909.148
Utah;21.295.462
Wasatch;700.060
Washington;4.695.377
Wayne;88.130
Weber;9.312.660
Addison;1.516.648
Bennington;1.484.677
Caledonia;1.005.354
Chittenden;10.196.019
Essex;130.317
Franklin;1.807.289
Grand Isle;158.041
Lamoille;1.048.947
Orange;714.168
Orleans;887.662
Rutland;2.443.716
Washington;3.372.867
Windham;2.114.600
Windsor;2.330.685
Accomack;1.456.884
Amelia;312.836
Amherst;765.926
Appomattox;254.565
Arlington;30.047.597
Bath;196.312
Bedford;1.796.006
Bland;196.889
Botetourt;1.099.488
Brunswick;644.880
Buchanan;992.241
Buckingham;509.038
Caroline;583.919
Charles City;164.227
Charlotte;263.742
Chesterfield;13.612.524
Clarke;428.412
Craig;82.025
Culpeper;1.562.935
Cumberland;179.878
Dickenson;511.432
Essex;352.791
Fauquier;2.404.639
Floyd;305.605
Fluvanna;740.770
Franklin;1.265.689
Giles;455.849
Gloucester;785.191
Goochland;1.857.877
Grayson;267.905
Greene;366.569
Halifax;1.364.485
Hanover;4.977.584
Henrico;24.807.243
Highland;68.812
Isle of Wight;1.421.068
King and Queen;141.727
King George;1.616.889
King William;413.830
Lancaster;401.031
Lee;436.025
Loudoun;22.116.740
Louisa;1.856.973
Lunenburg;232.406
Madison;343.509
Mathews;185.684
Mecklenburg;947.610
Middlesex;324.426
Nelson;426.403
New Kent;385.917
Northampton;470.958
Northumberland;353.780
Nottoway;494.229
Orange;903.766
Page;595.343
Patrick;410.558
Powhatan;634.556
Prince Edward;679.921
Pulaski;1.333.023
Rappahannock;293.596
Richmond;237.528
Russell;661.884
Scott;409.975
Shenandoah;1.446.577
Smyth;1.017.373
Stafford;4.622.255
Surry;1.086.996
Sussex;318.166
Tazewell;1.233.833
Warren;1.583.676
Westmoreland;415.054
Wythe;1.473.480
Independent cities;
Alexandria;14.041.327
Chesapeake;8.761.273
Hampton;6.307.700
Newport News;12.031.965
Norfolk;20.581.708
Portsmouth;5.432.913
Richmond;19.971.186
Roanoke;6.771.689
Suffolk;3.307.885
Virginia Beach;19.392.155
Combination areas1;
Albemarle + Charlottesville;9.972.689
Alleghany + Covington;820.177
Augusta, Staunton + Waynesboro;4.668.642
Campbell + Lynchburg;6.505.017
Carroll + Galax;964.535
Dinwiddie, Colonial Heights + Petersburg;2.702.194
Fairfax, Fairfax City + Falls Church;101.897.202
Frederick + Winchester;5.589.156
Greensville + Emporia;701.149
Henry + Martinsville;2.052.356
James City + Williamsburg;4.054.408
Montgomery + Radford;4.977.687
Pittsylvania + Danville;3.320.812
Prince George + Hopewell;3.725.107
Prince William, Manassas + Manassas Park;17.313.234
Roanoke + Salem;5.771.402
Rockbridge, Buena Vista + Lexington;1.131.953
Rockingham + Harrisonburg;7.090.871
Southampton + Franklin;686.289
Spotsylvania + Fredericksburg;5.109.175
Washington + Bristol;3.043.187
Wise + Norton;1.570.062
York + Poquoson;2.285.889
Adams;863.985
Asotin;616.607
Benton;10.332.737
Chelan;4.017.494
Clallam;2.173.812
Clark;16.998.440
Columbia;349.290
Cowlitz;4.340.772
Douglas;1.734.859
Ferry;203.042
Franklin;3.350.382
Garfield;129.699
Grant;5.751.303
Grays Harbor;2.292.947
Island;2.596.437
Jefferson;852.408
King;240.149.410
Kitsap;10.669.464
Kittitas;1.529.433
Klickitat;1.030.493
Lewis;2.765.599
Lincoln;442.244
Mason;1.407.424
Okanogan;1.473.416
Pacific;654.736
Pend Oreille;552.009
Pierce;36.587.945
San Juan;639.647
Skagit;7.115.196
Skamania;272.033
Snohomish;41.713.479
Spokane;22.080.130
Stevens;1.020.781
Thurston;11.203.002
Wahkiakum;75.044
Walla Walla;3.222.459
Whatcom;10.886.761
Whitman;2.104.759
Yakima;9.839.521
Barbour;371.122
Berkeley;2.979.672
Boone;668.698
Braxton;288.851
Brooke;903.102
Cabell;4.440.966
Calhoun;108.125
Clay;118.076
Doddridge;1.228.465
Fayette;970.666
Gilmer;187.132
Grant;491.728
Greenbrier;1.012.642
Hampshire;319.475
Hancock;1.170.964
Hardy;377.938
Harrison;3.993.816
Jackson;804.439
Jefferson;1.405.419
Kanawha;10.033.362
Lewis;593.137
Lincoln;259.006
Logan;1.108.328
McDowell;519.700
Marion;2.066.150
Marshall;2.526.419
Mason;676.052
Mercer;1.542.474
Mineral;734.804
Mingo;593.991
Monongalia;6.160.697
Monroe;257.151
Morgan;238.564
Nicholas;568.777
Ohio;3.222.638
Pendleton;129.925
Pleasants;475.292
Pocahontas;234.360
Preston;618.740
Putnam;2.502.003
Raleigh;2.589.631
Randolph;771.894
Ritchie;642.944
Roane;256.978
Summers;200.478
Taylor;494.374
Tucker;277.228
Tyler;584.266
Upshur;681.080
Wayne;933.676
Webster;159.584
Wetzel;1.000.040
Wirt;58.113
Wood;3.180.190
Wyoming;544.797
Adams;446.544
Ashland;652.716
Barron;1.907.661
Bayfield;361.136
Brown;16.717.147
Buffalo;466.356
Burnett;455.292
Calumet;1.429.291
Chippewa;2.457.260
Clark;1.289.538
Columbia;2.519.505
Crawford;721.524
Dane;37.474.008
Dodge;3.251.872
Door;1.174.095
Douglas;1.963.253
Dunn;1.644.892
Eau Claire;5.636.034
Florence;109.267
Fond du Lac;4.660.717
Forest;288.385
Grant;2.032.526
Green;1.510.793
Green Lake;603.392
Iowa;926.223
Iron;164.199
Jackson;816.106
Jefferson;3.247.208
Juneau;812.876
Kenosha;6.324.802
Kewaunee;810.329
La Crosse;6.460.773
Lafayette;521.875
Langlade;718.459
Lincoln;1.534.623
Manitowoc;3.817.252
Marathon;7.331.570
Marinette;1.896.549
Marquette;399.178
Menominee;138.277
Milwaukee;53.316.365
Monroe;2.042.118
Oconto;915.000
Oneida;1.462.955
Outagamie;10.880.117
Ozaukee;4.691.531
Pepin;244.061
Pierce;1.100.734
Polk;1.430.608
Portage;3.683.722
Price;560.016
Racine;7.650.888
Richland;646.297
Rock;6.308.225
Rusk;512.846
St. Croix;3.238.528
Sauk;3.257.704
Sawyer;570.563
Shawano;1.247.445
Sheboygan;6.466.827
Taylor;875.017
Trempealeau;1.246.494
Vernon;983.584
Vilas;803.127
Walworth;3.775.385
Washburn;514.686
Washington;5.482.146
Waukesha;26.306.485
Waupaca;1.943.275
Waushara;548.650
Winnebago;9.266.304
Wood;3.667.363
Albany;1.408.752
Big Horn;494.331
Campbell;6.256.638
Carbon;1.285.413
Converse;1.314.423
Crook;285.263
Fremont;1.705.586
Goshen;563.409
Hot Springs;284.492
Johnson;472.221
Laramie;5.032.574
Lincoln;785.675
Natrona;5.224.501
Niobrara;154.173
Park;1.381.990
Platte;587.407
Sheridan;1.231.061
Sublette;1.979.675
Sweetwater;3.907.803
Teton;2.053.838
Uinta;951.046
Washakie;358.659
Weston;288.843